{
  "project_info": {
    "project_number": "225399807962",
    "project_id": "thenewsapp-af5f6",
    "storage_bucket": "thenewsapp-af5f6.appspot.com"
  },
  "client": [
    {
      "client_info": {
        "mobilesdk_app_id": "1:225399807962:android:370f813d50c27b3ee5eae3",
        "android_client_info": {
          "package_name": "com.example.thenewsapp"
        }
      },
      "oauth_client": [],
      "api_key": [
        {
          "current_key": "AIzaSyAiI2TgfQWKXg_0C3ZwxzeJ5EklDC4nuWU"
        }
      ],
      "services": {
        "appinvite_service": {
          "other_platform_oauth_client": []
        }
      }
    }
  ],
  "configuration_version": "1"
}